<?xml version="1.0" encoding="UTF-8"?>
<!DOCTYPE mapper
	PUBLIC "-//mybatis.org//DTD Mapper 3.0//EN"
	"http://mybatis.org/dtd/mybatis-3-mapper.dtd">
<mapper namespace="com.peisia.spring.guild.mapper.game.guild.MapperGuild">
 	<select id="getOrgans" resultType="com.peisia.spring.guild.dto.game.guild.GuildOrgan">
		SELECT * from guild_organ
	</select>
<!--  	<select id="getOrgan" resultType="com.peisia.spring.guild.dto.game.guild.GuildOrgan"> -->
<!-- 		SELECT * from guild_organ where g_no = #{no} -->
<!-- 	</select> -->
 	<select id="getOrgan" resultType="com.peisia.spring.guild.dto.game.guild.GuildOrgan">
		SELECT go.g_no,go.g_name,go.g_member_no,gm.g_name as g_master from guild_organ go join guild_member gm 
	on go.g_member_no = gm.g_no where go.g_no = #{no};
	</select>
	
 	<select id="getOrganGroup" resultType="com.peisia.spring.guild.dto.game.guild.GuildOrganGroup">
		select gog.g_no, gog.g_name from guild_organ_group gog
			join guild_organ_group_relation gogr 
    		on gog.g_no = gogr.g_group_no
    		and gogr.g_top_group_no is null
			where gog.g_organ_no = #{no};
	</select>
</mapper>
