<?xml version="1.0" encoding="UTF-8"?>
<!DOCTYPE mapper
	PUBLIC "-//mybatis.org//DTD Mapper 3.0//EN"
	"http://mybatis.org/dtd/mybatis-3-mapper.dtd">
<mapper namespace="com.peisia.spring.guild.mapper.member.MapperMember">
	<insert id="reg">
		insert into guild_member (g_id,g_pw,g_rank,g_class,g_name) values (#{g_id},#{g_pw},#{g_rank},#{g_class},#{g_name})
	</insert>
<!-- 	<insert id="reg"> -->
<!-- 		insert into guild_member (g_id,g_pw,g_rank,g_class,g_name) values ('${g_id}','${g_pw}','${g_rank}','${g_class}','${g_name}') -->
<!-- 	</insert> -->

 	<select id="login" resultType="com.peisia.spring.guild.dto.Member">
		SELECT * from guild_member where g_id=#{g_id} and g_pw=#{g_pw}
	</select>

<!--  	<select id="login" resultType="string"> -->
<!-- 		SELECT g_id from guild_member where g_id=#{g_id} and g_pw=#{g_pw} -->
<!-- 	</select> -->

	<update id="buy">
		update guild_member set g_gold = g_gold - #{price} where g_id = #{memberId}
	</update>
	
 	<select id="getMemberInfo" resultType="com.peisia.spring.guild.dto.Member">
		SELECT * from guild_member where g_id=#{g_id}
	</select>
	
</mapper>
