<?xml version="1.0" encoding="UTF-8"?>
<!DOCTYPE mapper
	PUBLIC "-//mybatis.org//DTD Mapper 3.0//EN"
	"http://mybatis.org/dtd/mybatis-3-mapper.dtd">
<mapper namespace="com.peisia.spring.guild.mapper.member.MapperMember">
	<insert id="reg">
		insert into guild_member (g_id,g_pw,g_rank,g_class,g_name) values (#{g_id},#{g_pw},#{g_rank},#{g_class},#{g_name})
	</insert>
<!-- 	<insert id="reg"> -->
<!-- 		insert into guild_member (g_id,g_pw,g_rank,g_class,g_name) values ('${g_id}','${g_pw}','${g_rank}','${g_class}','${g_name}') -->
<!-- 	</insert> -->

 	<select id="login" resultType="com.peisia.spring.guild.dto.Member">
		SELECT * from guild_member where g_id=#{g_id} and g_pw=#{g_pw}
	</select>

<!--  	<select id="login" resultType="string"> -->
<!-- 		SELECT g_id from guild_member where g_id=#{g_id} and g_pw=#{g_pw} -->
<!-- 	</select> -->

	<update id="buy">
		update guild_member set g_gold = g_gold - #{price} where g_id = #{memberId}
	</update>
	
 	<select id="getMemberInfo" resultType="com.peisia.spring.guild.dto.Member">
		SELECT * from guild_member where g_id=#{g_id}
	</select>

	<delete id="useItem">
		delete from guild_inventory where g_no = #{no}
	</delete>
	
	<update id="reward">
		update guild_member set g_gold = g_gold + 
			(select g_reward_value from guild_reward where g_no = #{rewardGoldNo})
		where g_id = #{id}
	</update>
	
	<!-- 업데이트 종합처리 -->
<!-- 	넘어온 수치로 + 나 - 처리를 함 -->
<!-- 	주의. 해당 수치로 바꾸는 처리가 아님 -->
<!-- 	update guild_member set g_hp=g_hp+1,g_mp=g_mp+1,g_vit=g_vit+1,g_level=g_level+0,g_gold=g_gold+1,g_exp=g_exp+1 where g_id='cat'; -->

<!-- 	<update id="statPlusUpdate">
		update guild_member set g_hp=g_hp+#{g_hp},g_mp=g_mp+#{g_mp},g_vit=g_vit+#{g_vit},g_level=g_level+#{g_level},g_gold=g_gold+#{g_gold},g_exp=g_exp+#{g_exp} where g_id=#{g_id};
	</update> -->
	
	<update id="statPlusUpdate">
	    update guild_member
	    set 
	        g_hp = CASE WHEN g_hp + #{g_hp} > g_hp_max THEN g_hp_max ELSE g_hp + #{g_hp} END,
	        g_mp = CASE WHEN g_mp + #{g_mp} > g_mp_max THEN g_mp_max ELSE g_mp + #{g_mp} END,
	        g_vit = CASE WHEN g_vit + #{g_vit} > g_vit_max THEN g_vit_max ELSE g_vit + #{g_vit} END,
	        g_level = g_level + #{g_level},
	        g_gold = g_gold + #{g_gold},
	        g_exp = g_exp + #{g_exp}
	    where g_id = #{g_id};
	</update>
	
	
	<!-- 스탯을 해당 수치로 바꾸는 처리 -->	
	<update id="statFullHp">
		update guild_member set g_hp=g_hp_max where g_id=#{g_id};
	</update>
	<update id="statFullMp">
		update guild_member set g_mp=g_mp_max where g_id=#{g_id};
	</update>
	<update id="statFullVit">
		update guild_member set g_vit=g_vit_max where g_id=#{g_id};
	</update>
	
	<!-- HashMap 에도 이렇게 넣을 수 있음. 주의, 현재 리턴하려는 형태는 HashMap이 아니라 HashMap들의 List임. 주의. 특히 값 부분이 각각 다르게 들어가므로 주의. 
	key "key"에 대한 값의 타입은 Integer, key "value"에 대한 값의 타입은 Long 임. (디버깅으로 확인 가능) -->
	
    <select id="getExpLevelupMap" resultType="java.util.HashMap">
        SELECT g_level AS 'key', g_exp AS 'value'
        FROM guild_exp_levelup
    </select>
    
	<!-- 저장 프로시저 호출 -->	
	<select id="callLevelUpProcedure" statementType="CALLABLE" resultType="int">	
		CALL level_up_procedure(#{memberId})	
	</select>	    
    	

    	
</mapper>
